id,category,page,prompt
traffic_law_choice-003,traffic_law_choice,2,汽車駕駛人最重要的是
traffic_law_choice-005,traffic_law_choice,2,當我車前燈遠光將要照射到來車駕駛人眼睛前，應
traffic_law_choice-006,traffic_law_choice,2,乘客遺留財物在車上，應
traffic_law_choice-007,traffic_law_choice,2,客車上下乘客應在
traffic_law_choice-009,traffic_law_choice,2,汽車駕駛人對乘客或貨主最優良的服務是安全、舒適、快捷，如果三者難以兼顧時，應以何者為優先
traffic_law_choice-010,traffic_law_choice,2,汽車駕駛人的守法是為了
traffic_law_choice-011,traffic_law_choice,2,汽車駕駛人見到其他車輛或行人不良的表現，就會逞強好勝，意氣用事，性情暴躁，容易衝動，要如何去克制自己
traffic_law_choice-012,traffic_law_choice,2,汽車駕駛人駕車行經交通混亂繁雜的地方，或道路施工地段應
traffic_law_choice-013,traffic_law_choice,2,汽車油箱加油時
traffic_law_choice-014,traffic_law_choice,2,車輛行駛時，乘客頭手
traffic_law_choice-015,traffic_law_choice,3,汽車駕駛人若想維持良好交通秩序，促進社會安全與家庭幸福應具有
traffic_law_choice-016,traffic_law_choice,3,汽車駕駛人應
traffic_law_choice-017,traffic_law_choice,3,我是優良駕駛員，隨時隨地遵守交通規則，希望(交通)警察為了交通安全，對於違規駕駛人應
traffic_law_choice-020,traffic_law_choice,3,基於行車安全，作為一個汽車駕駛人，要重視
traffic_law_choice-021,traffic_law_choice,3,汽車駕駛人要確保自己和他人的安全，日常應在道德修養上下功夫，盡量
traffic_law_choice-022,traffic_law_choice,3,在駕車時，如發現有人牽著動物橫越道路時應
traffic_law_choice-023,traffic_law_choice,3,駕車行經泥濘或積水地段正有行人行走時應
traffic_law_choice-024,traffic_law_choice,3,汽車行駛於道路時，駕駛人
traffic_law_choice-025,traffic_law_choice,3,在狹路與他車交會時應
traffic_law_choice-026,traffic_law_choice,3,遇老弱婦孺身心障礙者乘搭客車時應
traffic_law_choice-027,traffic_law_choice,3,在行車途中，如目睹發生車禍，你應該
traffic_law_choice-028,traffic_law_choice,4,在行車途中，精神疲勞稍有睡意，你應該怎麼辦
traffic_law_choice-029,traffic_law_choice,4,在雙向二車道上〝欲〞超越前行車，發現對向有來車，你應該
traffic_law_choice-030,traffic_law_choice,4,雨天行車通過泥濘道路，輪胎發生打滑現象，你應該
traffic_law_choice-031,traffic_law_choice,4,行車中，發覺煞車失靈應
traffic_law_choice-032,traffic_law_choice,4,在哪種情形下，車輛可從公路行車分向線左邊行駛
traffic_law_choice-033,traffic_law_choice,4,在深夜郊外道路上，空曠無車無人的情況下
traffic_law_choice-034,traffic_law_choice,4,汽車行經泥濘或積水路段，應
traffic_law_choice-035,traffic_law_choice,4,行駛前發現煞車或方向盤失靈，駕駛人應
traffic_law_choice-040,traffic_law_choice,4,駕駛人在高速行車狀況下，生理上對於緊急事件之處理
traffic_law_choice-042,traffic_law_choice,4,汽車行駛於公路時，從車內向外拋擲物品、煙蒂或火種
traffic_law_choice-049,traffic_law_choice,5,小客車係指座位在
traffic_law_choice-050,traffic_law_choice,5,汽車定期檢驗，逾期一個月以上者，應處罰
traffic_law_choice-054,traffic_law_choice,5,小貨車必須附載隨車作業人員者，除駕駛人外，不得超過
traffic_law_choice-057,traffic_law_choice,5,營業車(營業大客車除外)每年檢驗次數，應為
traffic_law_choice-059,traffic_law_choice,6,汽車檢驗分3 種
traffic_law_choice-063,traffic_law_choice,6,工程或公用事業機構人員，佩帶服務單位證章，或其他明顯識別標記，搭乘小型貨車，不得超過
traffic_law_choice-066,traffic_law_choice,6,號誌是管制
traffic_law_choice-068,traffic_law_choice,6,領有普通駕照，駕駛營業車輛營業者是
traffic_law_choice-074,traffic_law_choice,7,以駕駛汽車為職業者是
traffic_law_choice-076,traffic_law_choice,7,計程車車窗玻璃上
traffic_law_choice-087,traffic_law_choice,7,託人代考駕照者，單就報考人之處分為
traffic_law_choice-088,traffic_law_choice,7,酒精、麻醉劑及興奮劑中毒者
traffic_law_choice-096,traffic_law_choice,8,在行車時速40 公里之路段汽車拋錨無法移置時
traffic_law_choice-098,traffic_law_choice,8,汽車載運乘客
traffic_law_choice-112,traffic_law_choice,9,汽車載運危險品行駛
traffic_law_choice-113,traffic_law_choice,9,貨車裝載體積或長度非框式車廂所能容納之貨物，其伸後長度最多不得超過車輛全長
traffic_law_choice-114,traffic_law_choice,9,行車速度，依速限標誌或標線之規定，無標誌或標線者，行車時速不得超過50 公里。但在未劃設車道線、行車分向線或分向限制線之道路，時速不得超過
traffic_law_choice-120,traffic_law_choice,9,在同向二車道以上之道路，小型車應行駛於
traffic_law_choice-121,traffic_law_choice,9,裝載貨物在同一汽車時，重的貨物應放在
traffic_law_choice-123,traffic_law_choice,10,汽車非經公路監理機關核准
traffic_law_choice-127,traffic_law_choice,10,汽車駕駛人駕車
traffic_law_choice-129,traffic_law_choice,10,汽車駛近學校、醫院等處時
traffic_law_choice-130,traffic_law_choice,10,汽車按鳴喇叭規定
traffic_law_choice-131,traffic_law_choice,10,汽車按鳴喇叭時間，每次
traffic_law_choice-132,traffic_law_choice,10,汽車行駛在設有彎道、坡路、狹路標誌之路段，應該
traffic_law_choice-133,traffic_law_choice,10,汽車行經設有學校、醫院標誌之路段，應該
traffic_law_choice-134,traffic_law_choice,10,汽車在同一車道行駛時，後車與前車之間，應保持
traffic_law_choice-135,traffic_law_choice,10,汽車除行駛在單行道或指定行駛於左側車道外，在未劃行車分向線或分向限制線之道路，應
traffic_law_choice-136,traffic_law_choice,10,汽車遇有特殊情況，必須行駛道路左側時，應該
traffic_law_choice-139,traffic_law_choice,11,在市區交通頻繁之道路
traffic_law_choice-142,traffic_law_choice,11,聞有消防車、救護車、警備車、工程救險車、毒性化學物質災害事故應變車等之警號時，不論來自何方，應
traffic_law_choice-146,traffic_law_choice,11,下坡行車時應
traffic_law_choice-147,traffic_law_choice,11,汽車在雙向二車道並劃有分向限制線之路段
traffic_law_choice-149,traffic_law_choice,11,汽車變換車道時，應先
traffic_law_choice-151,traffic_law_choice,11,汽車行駛中遇濃霧，應該
traffic_law_choice-155,traffic_law_choice,12,汽車引擎、底盤、電系、車門損壞，不堪使用時，應
traffic_law_choice-156,traffic_law_choice,12,利用汽車犯罪經判決有期徒刑以上之刑確定者
traffic_law_choice-157,traffic_law_choice,12,汽車發生交通事故遭受重大損壞，經修復後應實施
traffic_law_choice-158,traffic_law_choice,12,計程車駕駛人不依規定辦理執業登記並領取登記證即行執業者
traffic_law_choice-162,traffic_law_choice,12,汽車因故辦理停駛，期限最多不得超過
traffic_law_choice-171,traffic_law_choice,13,計程車駕駛人在營業之前，應
traffic_law_choice-173,traffic_law_choice,13,汽車駕駛人在1 年內違規記點每達12 點以上者，除施以道安講習，並處
traffic_law_choice-174,traffic_law_choice,13,汽車記違規紀錄於3 個月內共達3 次以上者，處罰
traffic_law_choice-176,traffic_law_choice,13,違反道路交通管理事件之受處分人，如不服處罰機關所作之處罰者 ，可以
traffic_law_choice-177,traffic_law_choice,13,下列那些車輛應隨車配備合於規定之滅火器
traffic_law_choice-178,traffic_law_choice,13,下列何種車輛應配置防止捲入裝置
traffic_law_choice-188,traffic_law_choice,14,遇幼童專用車、校車不依規定禮讓，或減速慢行者，除記違規點數外，並處
traffic_law_choice-189,traffic_law_choice,14,於身心障礙專用停車位違規停車者
traffic_law_choice-200,traffic_law_choice,15,駕駛人因違規而被處罰鍰並記違規記點以後應
traffic_law_choice-202,traffic_law_choice,15,占用道路之廢棄車輛，經民眾檢舉或由警察機關、環境保護主管機關查報後，由警察機關通知車主限期處理而屆期未清理者
traffic_law_choice-203,traffic_law_choice,15,占用道路之廢棄車輛，由環保單位或委託民間單位移置保管，經公告多久無人認領，可依廢棄物清除
traffic_law_choice-204,traffic_law_choice,15,逕行舉發汽車超速行駛時，其違規地點相距
traffic_law_choice-206,traffic_law_choice,16,小客車前座或貨車駕駛室乘人超過規定人數者，處汽車駕駛人
traffic_law_choice-210,traffic_law_choice,16,汽車駕駛人，在快車道上依規定行駛，因行人或慢車不依規定，擅自進入快車道，而致人受傷或死亡，依法應負刑事責任者
traffic_law_choice-211,traffic_law_choice,16,受處分人，如有不服處罰之裁決者，應以原處分機關為被告，逕向管轄之高等行政法院地方行政訴訟庭提起訴訟；其中撤銷訴訟之提起，應於裁決書送達後
traffic_law_choice-220,traffic_law_choice,17,違規停車經舉發後仍未改正，每逾
traffic_law_choice-221,traffic_law_choice,17,逕行舉發汽車超速行駛時，其
traffic_law_choice-222,traffic_law_choice,17,汽車駕駛人違規併排停車將處罰鍰新臺幣
traffic_law_choice-228,traffic_law_choice,17,行車在高速或快速公路交流道上
traffic_law_choice-229,traffic_law_choice,17,行駛高速或快速公路
traffic_law_choice-230,traffic_law_choice,17,高速或快速公路匝道上速度限制每小時為
traffic_law_choice-231,traffic_law_choice,17,在高速公路最高速限每小時90 公里以上之路段，行駛速率低於每小時
traffic_law_choice-235,traffic_law_choice,18,大型車輛在高速或快速公路行駛，應在
traffic_law_choice-238,traffic_law_choice,18,汽車在高速或快速公路行駛中
traffic_law_choice-241,traffic_law_choice,18,在單車道之匝道及加減速車道上駕駛車輛
traffic_law_choice-242,traffic_law_choice,18,在高速或快速公路上行駛之車輛，若發生故障時，應
traffic_law_choice-243,traffic_law_choice,18,在高速或快速公路行車
traffic_law_choice-244,traffic_law_choice,18,高速或快速公路的來往向車道是
traffic_law_choice-246,traffic_law_choice,18,在高速行車狀況下，駕駛人視力較正常情況
traffic_law_choice-247,traffic_law_choice,18,濃霧、濃煙、大雨、強風中行車，除減低速度外並應
traffic_law_choice-248,traffic_law_choice,18,在高速或快速公路行車
traffic_law_choice-252,traffic_law_choice,19,在高速或快速公路上，大型車除超車外，應利用
traffic_law_choice-254,traffic_law_choice,19,為了趕時間
traffic_law_choice-255,traffic_law_choice,19,防衛駕駛就是
traffic_law_choice-257,traffic_law_choice,19,行駛高速或快速公路駛離主線
traffic_law_choice-258,traffic_law_choice,19,夜間駕駛汽車行駛市區及會車或跟前車距離在 100 公尺以內時，為求安全
traffic_law_choice-259,traffic_law_choice,19,行駛在積水路段，應
traffic_law_choice-261,traffic_law_choice,19,汽車滑溜時
traffic_law_choice-264,traffic_law_choice,20,行車速度愈快，駕駛人的視野
traffic_law_choice-267,traffic_law_choice,20,一般交通秩序會混亂，因而造成交通堵塞、癱瘓甚至造成車禍，其主要原因在於
traffic_law_choice-268,traffic_law_choice,20,車禍之發生大都是人為因素不遵守交通規則疏忽造成，因此應加強何者為先
traffic_law_choice-269,traffic_law_choice,20,在多車道之路口前
traffic_law_choice-270,traffic_law_choice,20,燈光照射距離突然變遠，表示可能正行駛在下坡路段，為防不測應
traffic_law_choice-271,traffic_law_choice,20,夜間行車如發現照射前方路面的燈光消失，可能是道路中斷、橋樑斷裂或路面坍陷，為了行車安全，應即
traffic_law_choice-272,traffic_law_choice,20,汽車在強風中行駛，若感覺車身有搖晃現象時應
traffic_law_choice-273,traffic_law_choice,20,在轉彎時發生車禍的原因為駕駛人
traffic_law_choice-274,traffic_law_choice,20,汽車行駛高速公路或快速公路，應特別重視行車前保養及檢查
traffic_law_choice-276,traffic_law_choice,20,大型車輛通過時猶如唧筒吸走空氣，隨後會產生強大之吸力，故與大型車併行或會車時應
traffic_law_choice-277,traffic_law_choice,21,行駛高速公路前，應注意收聽電台廣播及利用
traffic_law_choice-278,traffic_law_choice,21,行駛高速或快速公路時
traffic_law_choice-279,traffic_law_choice,21,在同向二車道行車時，如遇機車行駛於與你同一車道的前方，你應
traffic_law_choice-280,traffic_law_choice,21,汽車駕駛人駕車進入高速或快速公路時，應採何種方式
traffic_law_choice-283,traffic_law_choice,21,血色鮮紅血液連續作噴狀流出係
traffic_law_choice-284,traffic_law_choice,21,汽車因碰撞起火燃燒，而致空氣中氧氣不足或呼吸道被物阻塞都會造成
traffic_law_choice-285,traffic_law_choice,21,斷骨穿出皮外大量流血時，應先
traffic_law_choice-286,traffic_law_choice,21,小客車行駛於高速公路時，以多少時速行駛，耗油最少
traffic_law_choice-287,traffic_law_choice,21,汽機車排放廢氣中會造成地球溫室效應的主要氣體是哪一種
traffic_law_choice-289,traffic_law_choice,21,汽車駕駛人對於6 歲以下或需要特別看護之兒童，單獨留置車內者，處駕駛人
traffic_law_choice-290,traffic_law_choice,21,哪些駕駛行為，得以非固定式科學儀器取得證據資料，逕行舉發處罰
traffic_law_choice-294,traffic_law_choice,22,汽車駕駛人行經道路設有劃分島，劃分快、慢車道，在快車道
traffic_law_choice-298,traffic_law_choice,22,汽缸總排氣量550 立方公分以上之大型重型機車行駛於快速公路途中，因機件故障或其他緊急情況無法繼續行駛時滑離車道，應顯示危險警告燈，牽移離開車道，在故障車輛後方
traffic_law_choice-300,traffic_law_choice,22,最小安全跟車距離，必須
traffic_law_choice-301,traffic_law_choice,22,汽車在高速行駛時，載重的重心愈低，其穩定性
traffic_law_choice-302,traffic_law_choice,22,汽車轉彎時，軸距愈長則內外輪差也愈大，也就是所需路面的寬度也
traffic_law_choice-303,traffic_law_choice,22,汽車穿越積水路面後，應特別注意
traffic_law_choice-304,traffic_law_choice,22,以下敘述何者正確
traffic_law_choice-309,traffic_law_choice,23,發生交通事故時，當事人應儘量在現場尋找
traffic_law_choice-310,traffic_law_choice,23,自車禍發生之日起，申請鑑定的期限為
traffic_law_choice-311,traffic_law_choice,23,汽、機車進入加油站加油時
traffic_law_choice-312,traffic_law_choice,23,汽、機車進入加油站加油時
traffic_law_choice-316,traffic_law_choice,23,行車時應
traffic_law_choice-317,traffic_law_choice,23,行車時應注意
traffic_law_choice-318,traffic_law_choice,23,夜間駕車，駕駛人不易發現的目標是
traffic_law_choice-320,traffic_law_choice,24,汽車轉彎時會產生離心力，因此在
traffic_law_choice-321,traffic_law_choice,24,汽車行駛彎道時速度愈快，所產生的離心力
traffic_law_choice-322,traffic_law_choice,24,所謂二段式開門方法，是
traffic_law_choice-323,traffic_law_choice,24,駕車於上坡路段使用二檔時，下坡應使用
traffic_law_choice-324,traffic_law_choice,24,汽車下長坡時，最安全控制速度的方法，是使用
traffic_law_choice-325,traffic_law_choice,24,在山區下坡路段應使用低速檔行駛，其換檔時機為
traffic_law_choice-326,traffic_law_choice,24,緊急煞車致使車輪鎖死時，煞車距離會
traffic_law_choice-327,traffic_law_choice,24,一般汽車緊急煞車時，如導致車輪鎖死，若將方向盤向右轉，車輛的行進方向為：為
traffic_law_choice-328,traffic_law_choice,24,行車最高指導原則，絕對是
traffic_law_choice-329,traffic_law_choice,24,行駛途中，遇前方路上發生事故，警察已到現場處理，應
traffic_law_choice-330,traffic_law_choice,24,下列敍述何者正確
traffic_law_choice-331,traffic_law_choice,24,行車前應注意之事項，以下何者為非
traffic_law_choice-332,traffic_law_choice,24,汽車轉彎或變換車道時，駕駛人要養成將頭左右擺動察看的習性，是因為要
traffic_law_choice-333,traffic_law_choice,24,汽車駕駛人駕駛汽車，應
traffic_law_choice-334,traffic_law_choice,25,汽車應逐日實施安全檢查，並應
traffic_law_choice-335,traffic_law_choice,25,汽車行駛前應檢查項目不包括下列何者
traffic_law_choice-336,traffic_law_choice,25,引擎機油除定期檢查外
traffic_law_choice-337,traffic_law_choice,25,檢查引擎機油時，汽車要
traffic_law_choice-338,traffic_law_choice,25,添加機油時，應由何處加入
traffic_law_choice-339,traffic_law_choice,25,更換機油濾清器
traffic_law_choice-340,traffic_law_choice,25,補充煞車油
traffic_law_choice-341,traffic_law_choice,25,汽車使用中電瓶水不足時，應加入
traffic_law_choice-342,traffic_law_choice,25,檢查電瓶液面高低，並進行補充時
traffic_law_choice-343,traffic_law_choice,25,夜間黑暗處，檢查電瓶液時，不可使用之照明工具
traffic_law_choice-344,traffic_law_choice,25,電瓶樁頭塗上何物，可以防止腐蝕，並使導電良好
traffic_law_choice-345,traffic_law_choice,25,故障車輛實施供電救援時，使用之跨接導線，應
traffic_law_choice-346,traffic_law_choice,25,起動馬達使用之電源係來自
traffic_law_choice-347,traffic_law_choice,25,車上安裝過多耗電電器裝置時
traffic_law_choice-348,traffic_law_choice,25,引擎冷卻水內之防銹劑
traffic_law_choice-349,traffic_law_choice,25,冷卻水產生水垢，容易使引擎冷卻系統
traffic_law_choice-350,traffic_law_choice,26,若冷卻水溫錶所顯示的溫度超出正常範圍，應
traffic_law_choice-351,traffic_law_choice,26,空氣濾清器太髒未更換，會造成
traffic_law_choice-352,traffic_law_choice,26,火星塞不良，容易造成
traffic_law_choice-353,traffic_law_choice,26,"引擎溫度錶指針偏向""H""處，表示溫度"
traffic_law_choice-354,traffic_law_choice,26,汽車方向盤間隙過大時，會產生
traffic_law_choice-355,traffic_law_choice,26,動力轉向裝置的主要優點，為
traffic_law_choice-356,traffic_law_choice,26,將點煙器完全推入，當加熱完成後會自動彈出，使用後將其歸回原位。行車中
traffic_law_choice-357,traffic_law_choice,26,開車調整座椅之時機為
traffic_law_choice-358,traffic_law_choice,26,駕駛座頭枕之高度，應如何調整才安全
traffic_law_choice-360,traffic_law_choice,26,要開啟後行李箱，一般可使用車內行李箱蓋釋放按鈕來開啟，在何種時機下，開啟才安全
traffic_law_choice-361,traffic_law_choice,26,汽車裝置照後鏡及室內鏡，其功能為
traffic_law_choice-363,traffic_law_choice,26,汽油引擎排氣顏色為黑色，表示
traffic_law_choice-364,traffic_law_choice,26,自排車要發動引擎時，應將排檔桿放在
traffic_law_choice-365,traffic_law_choice,27,自排車要將排檔桿從「P」檔排到「R」檔或「D」檔時，須先
traffic_law_choice-366,traffic_law_choice,27,自排車輛停車，駕駛人離開座位前，除應將手煞車拉緊外，排檔桿位置應置於
traffic_law_choice-367,traffic_law_choice,27,自排車多數為前輪驅動，拖吊時除先放手煞車外，然後用什麼方式拖吊，才不致造成變速機構損壞
traffic_law_choice-368,traffic_law_choice,27,駕車時由前進檔換入倒檔，或是由倒檔換入前進檔時
traffic_law_choice-369,traffic_law_choice,27,檢查輪胎氣壓必須在 
traffic_law_choice-370,traffic_law_choice,27,輪胎氣壓不足時，易造成
traffic_law_choice-371,traffic_law_choice,27,輪胎氣壓太低會造成
traffic_law_choice-372,traffic_law_choice,27,汽車各個輪胎胎壓不同時，易造成
traffic_law_choice-373,traffic_law_choice,27,輪胎構造中，那一部份強度最弱
traffic_law_choice-374,traffic_law_choice,27,輪胎胎面中央的花紋有較嚴重摩耗，其原因為
traffic_law_choice-375,traffic_law_choice,27,車胎過度的磨損
traffic_law_choice-376,traffic_law_choice,27,連續使用煞車導致煞車鼓溫度升高後，煞車效果將
traffic_law_choice-377,traffic_law_choice,27,汽車連續下坡，長時間使用煞車時，煞車油油溫容易
traffic_law_choice-378,traffic_law_choice,27,下長陡坡聞到有燒焦臭味，其原因可能是
traffic_law_choice-379,traffic_law_choice,27,使用煞車時，車頭向右偏或左偏，是因為
traffic_law_choice-380,traffic_law_choice,27,煞車踏板踩下時，感到軟軟的，可能原因是因為
traffic_law_choice-381,traffic_law_choice,28,緊踩煞車踏板不放，再發動引擎，此時若發現煞車踏板有下降約一吋，即表示
traffic_law_choice-387,traffic_law_choice,28,禁止停車路段，其禁止時間為每日之
traffic_law_choice-390,traffic_law_choice,28,禁止停車路段
traffic_law_choice-394,traffic_law_choice,29,汽車可停車路段，若無停車位時
traffic_law_choice-397,traffic_law_choice,29,駕駛人開車時應攜帶之重要證件為
traffic_law_choice-400,traffic_law_choice,29,年齡1～4 歲且體重在10～18 公斤之幼童乘坐小客車
traffic_law_choice-401,traffic_law_choice,29,執行任務完畢的消防車、救護車、警備車、工程救險車及毒性化學物質災害事故應變車其行車速度應
traffic_law_choice-402,traffic_law_choice,29,行駛郊區道路，該路段如未設有速限標誌
traffic_law_choice-403,traffic_law_choice,29,汽車裝載時應依規定，下列何者正確
traffic_law_choice-405,traffic_law_choice,29,小型車輛全高不得超過車輛全寬之1.5 倍，其最高不得超過
traffic_law_choice-407,traffic_law_choice,29,高速公路違規行駛路肩，經取締處以
traffic_law_choice-408,traffic_law_choice,30,汽車行駛高速公路或快速公路，其輪胎胎面不得磨損至中華民國國家標準 CNS 1431 汽車用外胎(輪胎)標準或 CNS 4959 卡客車用翻修輪胎標準所訂之
traffic_law_choice-410,traffic_law_choice,30,車禍中不醒人事的骨折傷患
traffic_law_choice-411,traffic_law_choice,30,行駛中如發現道路上設有交通錐、拒馬、護欄等施工封閉設施或機具，但卻無施工人員時，表示
traffic_law_choice-412,traffic_law_choice,30,行經施工區，車速應
traffic_law_choice-415,traffic_law_choice,30,汽缸總排氣量 550 立方公分以上大型重型機車，行駛高、快速公路，另依交通部公告規定之
traffic_law_choice-416,traffic_law_choice,30,汽缸總排氣量 550 立方公分以上大型重型機車行駛高速公路，其駕駛人應有
traffic_law_choice-417,traffic_law_choice,30,汽缸總排氣量 550 立方公分以上大型重型機車行駛高速公路，有同車道併駛、超車行為者處駕駛人新臺幣
traffic_law_choice-419,traffic_law_choice,30,下列哪些地方是高危險區，應避免停駐
traffic_law_choice-420,traffic_law_choice,30,下列何者氣象資訊與道路災害息息相關，應多加留意
traffic_law_choice-421,traffic_law_choice,31,下列哪種駕駛行為有誤
traffic_law_choice-422,traffic_law_choice,31,假設不幸受困於山區道路應如何處置
traffic_law_choice-423,traffic_law_choice,31,下列何者「非」公路單位執行封橋封路等交通管制之目的
traffic_law_choice-426,traffic_law_choice,31,雪地行車的油門及煞車操控方式何者正確
traffic_law_choice-427,traffic_law_choice,31,冬季行經高山地區如遇下雪，應如何行車才安全
traffic_law_choice-428,traffic_law_choice,31,雪地駕車過彎操控方式何者正確
traffic_law_choice-433,traffic_law_choice,32,道路交通事故無人傷亡且車輛尚能行駛案件，當事人使用照相工具紀錄車輛位置與現場痕跡之方式時，下列何者為非
traffic_law_choice-438,traffic_law_choice,32,下列哪種駕駛行為有誤
traffic_law_choice-439,traffic_law_choice,32,汽車駕駛人行駛於快車道，若有微型電動二輪車靠近時應
traffic_law_choice-440,traffic_law_choice,32,汽車於高速公路發生交通事故後
traffic_law_choice-441,traffic_law_choice,32,汽車於高速公路發生交通事故後，無人受傷或死亡且汽車尚能行駛，應優先
traffic_law_choice-442,traffic_law_choice,32,汽車於高速公路發生交通事故後，駕駛人或肇事人應先為處置不包含以下那項
traffic_law_choice-443,traffic_law_choice,33,汽車於高速公路發生道路交通事故，應於車後方多少公尺處放置車輛故障標誌
traffic_law_choice-448,traffic_law_choice,33,能偵測前方障礙物資訊並適時提供駕駛人警告，必要時直接介入煞車之輔助系統稱為
traffic_law_truefalse-001,traffic_law_truefalse,2,尊重生命是駕駛道德最重要的一點，我們開車時要處處顧及行人，尤其應該注意讓老弱婦孺身心障礙者優先通行。
traffic_law_truefalse-002,traffic_law_truefalse,2,遵守交通法規與秩序，只算是優良駕駛人，與駕駛道德無關。
traffic_law_truefalse-003,traffic_law_truefalse,2,汽油著火時，應用滅火器、泥沙或用水浸濕棉被、衣服覆蓋撲滅。
traffic_law_truefalse-004,traffic_law_truefalse,2,禮讓與寬容是駕駛道德的最好表現。
traffic_law_truefalse-005,traffic_law_truefalse,2,在狹窄道路上會車，一定要互相禮讓。
traffic_law_truefalse-007,traffic_law_truefalse,2,看見前面車禍有人受傷，沒有人管，我自已要趕路，明明看（聽）到受傷的人在慘叫，也只有不管。
traffic_law_truefalse-008,traffic_law_truefalse,2,我們在開車前仔細檢查汽車，使其保持良好性能，行駛中處處顧及行人與其他車輛，也是駕駛道德的表現。
traffic_law_truefalse-010,traffic_law_truefalse,2,大雨使路上到處積滿污水，路邊行人雖多，但我怕阻礙後面汽車通行，只得快速通過。
traffic_law_truefalse-011,traffic_law_truefalse,2,行車起駛、換檔、轉彎或煞車，都應顧及乘客的安全和舒適，還要注意路上車輛及行人的安全。
traffic_law_truefalse-013,traffic_law_truefalse,2,一個人飲酒後，雖然視力、聽覺以及判斷能力，都會變為遲鈍，但在其本人的感覺來說，卻很舒暢，所以酒後可以駕駛汽車。
traffic_law_truefalse-014,traffic_law_truefalse,2,汽車拋錨在快車道上，雖然往來車輛甚多，對造成塞車和影響交通安全很大，但為了爭取自己的時間，只有等我趕快修好再開走。
traffic_law_truefalse-015,traffic_law_truefalse,2,我開車有多年經驗，技術熟練有把握，所以在開車時經常和人談笑歌唱，這是技術表現，對行車安全毫無影響。
traffic_law_truefalse-016,traffic_law_truefalse,2,假使我是開客車，更要處處小心謹慎，因為人命關天，乘客的生命都操縱在我的手上。
traffic_law_truefalse-017,traffic_law_truefalse,2,因為我開車開得太久了，曉得開快車的危險可怕，即使乘客要求開快車趕路，但我為了行車安全，還是不能答應，並將危險可怕的教訓告訴他。
traffic_law_truefalse-018,traffic_law_truefalse,2,開車的人如果沒有駕駛道德，是他自己的不幸，也是大家的不幸。
traffic_law_truefalse-019,traffic_law_truefalse,3,遇有老弱婦孺身心障礙者搭乘計程車時，可以增加收費。
traffic_law_truefalse-022,traffic_law_truefalse,3,發現乘客遺留財物在車上時，應立即送還失主或送往最近之警察單位招領。
traffic_law_truefalse-024,traffic_law_truefalse,3,如有外地乘客不熟悉街道，只說出目的地搭乘計程車時，可以任意在市區多繞幾個圈以增加車費收入。
traffic_law_truefalse-025,traffic_law_truefalse,3,如發現患有傳染病或攜帶惡臭物品之乘客，搭車時可藉故婉言拒載。
traffic_law_truefalse-026,traffic_law_truefalse,3,如發現路上有傷患倒在地上時，應即撥打電話號碼110 或119 通知警察或救護醫療單位前往處理。
traffic_law_truefalse-027,traffic_law_truefalse,3,行車不慎撞倒行人，如無傷害可立即加速逃逸以免麻煩。
traffic_law_truefalse-028,traffic_law_truefalse,3,遇持有白手杖或視障朋友於路上行走或通過馬路時，應扶持幫助或禮讓其優先通行。
traffic_law_truefalse-029,traffic_law_truefalse,3,在駕駛汽車前，應保持身心安定，在行駛中，要專心一意，應付行車情況。
traffic_law_truefalse-031,traffic_law_truefalse,3,駕駛汽車不要強爭一分一秒，不可疏忽一分一秒。
traffic_law_truefalse-032,traffic_law_truefalse,3,駕駛汽車是一種手腦並用，高度勞心又勞力的工作，極易疲勞，唯有規律的生活，才能確保行車安全。
traffic_law_truefalse-033,traffic_law_truefalse,3,汽車狀況與交通事故有密切關係，所以汽車各部份機件性能，應經常保持良好狀態，並依規定保養與安全檢查，是安全駕駛重要因素之一。
traffic_law_truefalse-034,traffic_law_truefalse,3,在行車途中如汽車發生故障，足以影響行車安全，仍可勉強行駛。
traffic_law_truefalse-035,traffic_law_truefalse,3,汽車應該在每天開車前實施安全檢查，並應予定期保養。
traffic_law_truefalse-036,traffic_law_truefalse,3,交通法規，是維持交通秩序，保障交通安全的一切準則，不但要瞭解，而且必需遵守才能達到秩序井然，交通安全之理想境界。
traffic_law_truefalse-037,traffic_law_truefalse,3,在開車前，必須檢查車輛，以增進行車安全。
traffic_law_truefalse-038,traffic_law_truefalse,3,駕駛人只求技術優良，對遵守交通規則不必太重視。
traffic_law_truefalse-039,traffic_law_truefalse,4,汽車裝載貨物必須綑紮穩妥， 是車主及駕駛人之責任，也可降低發生危險的機率。
traffic_law_truefalse-040,traffic_law_truefalse,4,身體疲勞仍繼續駕駛汽車，是發生車禍的最大原因之一。
traffic_law_truefalse-041,traffic_law_truefalse,4,身心不健全的人，仍可無限制的繼續駕駛汽車。
traffic_law_truefalse-042,traffic_law_truefalse,4,駕車時無論何時、無論何處，都要注意安全。
traffic_law_truefalse-043,traffic_law_truefalse,4,疲勞駕駛只要降低行車速度並不會影響安全。
traffic_law_truefalse-044,traffic_law_truefalse,4,反應距離加煞車距離，就是停車距離。
traffic_law_truefalse-045,traffic_law_truefalse,4,開車不喝酒，酒後不開車。
traffic_law_truefalse-046,traffic_law_truefalse,4,駕駛人駕車如因過失致人於死傷，在法律上要負刑事 (判刑)、民事(賠償)及行政 (吊銷駕照) 等三種責任。
traffic_law_truefalse-047,traffic_law_truefalse,4,駕駛人駕車疏忽致人死傷，須負刑事、民事、行政之責任者， 不可認為「坐牢不賠錢，賠錢不坐牢」。
traffic_law_truefalse-048,traffic_law_truefalse,4,駕駛人因開車疏忽致人死傷，在法律上除了要負刑事責任外，還須負民事賠償責任。
traffic_law_truefalse-054,traffic_law_truefalse,4,高速行駛時，駕駛人的視線自然易於忽略兩側及近前之事物，因此駕駛人應提高警覺、擴大視野並避免超速。
traffic_law_truefalse-057,traffic_law_truefalse,4,汽車行駛於隧道內，不得從車內向外拋擲物品。
traffic_law_truefalse-058,traffic_law_truefalse,4,汽車行駛於隧道內，禁止任意變換車道。
traffic_law_truefalse-070,traffic_law_truefalse,5,裝載容易滲漏、飛散或有惡臭氣味之貨物，能防止其發洩者，應嚴密封固並有適當之裝置。
traffic_law_truefalse-073,traffic_law_truefalse,5,汽車不得有車身破損、鬆動或車門不能關閉的情形。
traffic_law_truefalse-074,traffic_law_truefalse,5,汽車非經公路監理機關核准，不得擅自附掛拖車行駛。
traffic_law_truefalse-075,traffic_law_truefalse,5,加強道路交通管理，維護交通秩序，是確保交通安全之要務。
traffic_law_truefalse-076,traffic_law_truefalse,5,標誌是指管制道路交通，表示警告、禁制、指示，而在路面上勘劃之線條或文字。
traffic_law_truefalse-080,traffic_law_truefalse,5,汽車在同一車道行駛時，後車駕駛人須隨時注意前車之動向，並應與前車保持隨時可以煞停之距離。
traffic_law_truefalse-082,traffic_law_truefalse,6,特種車除因其專門用途使用時必須附載之人員物品外，不得用以裝載客貨行駛。
traffic_law_truefalse-085,traffic_law_truefalse,6,裝載貨物，應捆紮牢固，堆放平穩。
traffic_law_truefalse-090,traffic_law_truefalse,6,在開車前，不必檢查機件，以免耽誤行車時間。
traffic_law_truefalse-091,traffic_law_truefalse,6,汽車喇叭音量不可過高，應遵守規定限制。
traffic_law_truefalse-092,traffic_law_truefalse,6,汽車按鳴喇叭，應以單響為原則。
traffic_law_truefalse-097,traffic_law_truefalse,6,客車上下旅客，應緊靠路邊右側，並不得妨礙行車路線。
traffic_law_truefalse-099,traffic_law_truefalse,6,小客車座位包括駕駛人在內為9 座以下。
traffic_law_truefalse-101,traffic_law_truefalse,7,制定道路交通管理處罰條例是為了要加強道路交通管理，維護交通秩序，確保交通安全。
traffic_law_truefalse-103,traffic_law_truefalse,7,交通標誌及標線，是表示警告、禁制、指示等功效。
traffic_law_truefalse-105,traffic_law_truefalse,7,駕駛人除應遵守交通標誌標線及號誌之指示外，並應服從交通警察或依法令執行交通稽查任務人員之指揮。
traffic_law_truefalse-111,traffic_law_truefalse,7,貨車駕駛室或小客車前座，裝載人數並無限制。
traffic_law_truefalse-115,traffic_law_truefalse,7,低於最低規定時速行駛時，不算違規。
traffic_law_truefalse-117,traffic_law_truefalse,7,曾違反兒童及少年性交易防制條例或槍砲彈藥刀械管制條例等相關法律，經判刑確定或曾依檢肅流氓條例裁定應為交付感訓確定者，不得辦理計程車駕駛人執業登記。
traffic_law_truefalse-121,traffic_law_truefalse,8,汽車駕駛人不得連續駕車超過8 小時。
traffic_law_truefalse-122,traffic_law_truefalse,8,領有大客車駕照者，可以駕駛聯結車。
traffic_law_truefalse-124,traffic_law_truefalse,8,汽車行駛應繳費之公路橋樑逃避繳費，並有傷害收費人員之情事者，應吊銷駕照。
traffic_law_truefalse-125,traffic_law_truefalse,8,汽車駕駛人在快車道依規定駕車行駛，因行人或慢車不依規定，擅自進入快車道，而致人受傷或死亡，依法應負刑事責任者，減輕其刑。
traffic_law_truefalse-127,traffic_law_truefalse,8,小貨車必須附載隨車作業人員者，除駕駛人外，不得超過2 人。
traffic_law_truefalse-129,traffic_law_truefalse,8,貨車裝載貨物長度，可以前伸超過車頭2 公尺。
traffic_law_truefalse-131,traffic_law_truefalse,8,框式貨車，除裝載貨物有伸後情形外，車身欄板必須扣牢。
traffic_law_truefalse-132,traffic_law_truefalse,8,受永遠吊銷、吊扣駕照之處分者，受違規再教育1 個月，即可參加駕照考驗。
traffic_law_truefalse-136,traffic_law_truefalse,8,體格檢查、體能測驗與筆試及格成績有效保留期限均為1 年。
traffic_law_truefalse-138,traffic_law_truefalse,8,按鳴喇叭，以單響為原則，每次不得超過半秒鐘。
traffic_law_truefalse-139,traffic_law_truefalse,8,行經設有彎道、隧道、坡路、狹路、學校、醫院標誌之路段、泥濘或積水道路、 道路施工路段，均應減速慢行，作隨時停車之準備。
traffic_law_truefalse-141,traffic_law_truefalse,9,聞有消防車、救護車、警備車、工程救險車、毒性化學物質災害事故應變車等之警號時，不論來自何方，均應立即避讓，並不得在後跟隨急駛。
traffic_law_truefalse-145,traffic_law_truefalse,9,行車速度，依速限標誌或標線之規定，無標誌或標線者，行車時速不得超過40 公里。但在未劃設車道線、行車分向線或分向限制線之道路，或設有快慢車道分隔線之慢車道，時速不得超過30 公里。
traffic_law_truefalse-146,traffic_law_truefalse,9,行車速度，依速限標誌或標線之規定，無標誌或標線者，行車時速不得超過50 公里。但在設有快慢車道分隔線之慢車道，時速不得超過40 公里。
traffic_law_truefalse-147,traffic_law_truefalse,9,汽車行至交通頻繁地區，為了行車安全，可以隨時按鳴喇叭。
traffic_law_truefalse-148,traffic_law_truefalse,9,遇幼童專用車、校車、身心障礙者用特製車或教練車，不必禮讓。
traffic_law_truefalse-151,traffic_law_truefalse,9,駕車起駛時，應讓行進中之車輛、行人優先通行。
traffic_law_truefalse-154,traffic_law_truefalse,9,駕駛人精神疲勞、疾病或睡眠不足，注意力分散不易集中，不得駕駛車輛。
traffic_law_truefalse-155,traffic_law_truefalse,9,停於路邊之車輛遇有霧靄、雨雪、風沙及晝晦時，均應顯示停車燈光或反光標識。
traffic_law_truefalse-160,traffic_law_truefalse,10,計程車在設有停車上客處標誌之路段，應在指定之上客處搭載乘客，不得沿途攬載。
traffic_law_truefalse-161,traffic_law_truefalse,10,計程車不得任意拒載乘客，但可以故意繞道行駛。
traffic_law_truefalse-165,traffic_law_truefalse,10,執行任務中的消防車、救護車、警備車、工程救險車及毒性化學物質災害事故應變車，行車速度不受規定限制。
traffic_law_truefalse-171,traffic_law_truefalse,10,在單ㄧ車道的橋樑上及隧道內，不得會車。
traffic_law_truefalse-175,traffic_law_truefalse,10,由同向二車道，進入一車道時，應讓直行車道之車輛先行。
traffic_law_truefalse-180,traffic_law_truefalse,11,欲超越同一車道之前車時，須先鳴喇叭兩單響或變換燈光一次，俟前車減速靠邊，或以手勢表示允讓後，始得超越。
traffic_law_truefalse-182,traffic_law_truefalse,11,為了緊急事情趕路，可以跟在執行公務的消防車或警備車後面行駛。
traffic_law_truefalse-185,traffic_law_truefalse,11,在設有劃分島劃分快慢車道之道路，在慢車道上行駛之車輛，不得左轉。
traffic_law_truefalse-186,traffic_law_truefalse,11,在設有劃分島劃分快慢車道之道路，在慢車道上行駛之車輛，不得右轉。
traffic_law_truefalse-194,traffic_law_truefalse,11,汽車行駛於實施管制之道路，應遵守各該道路之管制規定行駛。
traffic_law_truefalse-195,traffic_law_truefalse,11,汽車經過實施管制之道路隨時均可通行。
traffic_law_truefalse-201,traffic_law_truefalse,12,汽車行駛於下坡路段時，不得將引擎熄火，放空檔滑行。
traffic_law_truefalse-202,traffic_law_truefalse,12,為節省汽油，汽車下坡時，可將引擎熄火，放空檔滑行。
traffic_law_truefalse-203,traffic_law_truefalse,12,汽車過渡口時，應依到達先後次序過渡，不得搶先。
traffic_law_truefalse-210,traffic_law_truefalse,12,汽車在同一車道行駛時，前車如須減速暫停，駕駛人應預先顯示燈光或手勢告知後車。
traffic_law_truefalse-215,traffic_law_truefalse,12,汽車發生故障，無法移置於無礙交通場所時，如在市區道路，應按鳴喇叭，以警告他車。
traffic_law_truefalse-220,traffic_law_truefalse,13,對汽車停車時間、位置、方式及車種，如公路或警察機關有特別規定時，應按其規定。
traffic_law_truefalse-223,traffic_law_truefalse,13,在夜間或有霧靄、雨雪、風沙及晝晦時，把車輛停在路旁，不必顯示停車燈光或反光標識。
traffic_law_truefalse-224,traffic_law_truefalse,13,曾犯故意殺人、搶劫、搶奪、強盜、恐嚇取財、擄人勒贖等罪，經判決罪刑確定者，不得辦理計程車駕駛人執業登記。
traffic_law_truefalse-229,traffic_law_truefalse,13,違反處罰條例之受處罰人不服處罰之裁決者，應以原處罰機關為被告，逕向管轄之高等行政法院地方行政訴訟庭提起訴訟。
traffic_law_truefalse-243,traffic_law_truefalse,14,未滿14 歲之人違反道路交通管理處罰條例規定，處罰其法定代理人或監護人。
traffic_law_truefalse-244,traffic_law_truefalse,14,大型車未依規定裝設行車紀錄器及行車視野輔助系統或行車紀錄器及行車視野輔助系統無法正常運作或不當使用行車紀錄器致無法正確記錄資料者，除罰鍰外，應責令其參加臨時檢驗。
traffic_law_truefalse-248,traffic_law_truefalse,14,駕駛人開車時應按遵行方向行駛，違者除罰鍰外並違規記點。
traffic_law_truefalse-249,traffic_law_truefalse,14,駕車行駛於人行道，應處以罰鍰並違規記點。
traffic_law_truefalse-254,traffic_law_truefalse,15,汽車駕駛人在1 年內違規記點共達6 點以上，才吊扣駕照1 個月，因此可以不遵守交通規則。
traffic_law_truefalse-256,traffic_law_truefalse,15,違規記點又不登記在駕照上，所以可以不必理會而任意違反交通規則。
traffic_law_truefalse-259,traffic_law_truefalse,15,汽車進入隧道，應遵守車道管制號誌之指示行駛。
traffic_law_truefalse-260,traffic_law_truefalse,15,汽車行駛於隧道內，行車速度應依速限標誌指示。
traffic_law_truefalse-262,traffic_law_truefalse,15,高速或快速公路加速車道在主線出口最右側，是供汽車駛離主線加速用。
traffic_law_truefalse-263,traffic_law_truefalse,15,高速或快速公路減速車道在主線入口最右側，是供汽車駛進主線減速用。
traffic_law_truefalse-269,traffic_law_truefalse,15,減速車道指設於主線出口最右側，供汽車駛離主線時減速之車道。
traffic_law_truefalse-274,traffic_law_truefalse,16,行駛高速或快速公路時，除應遵守高速及快速公路交通管制規則外，對道路交通安全規則亦應同樣重視切實遵守。
traffic_law_truefalse-279,traffic_law_truefalse,16,高速及快速公路之轄區，以路權範圍及與其他道路交接點為分界點。
traffic_law_truefalse-281,traffic_law_truefalse,16,在高速或快速公路停放車道外側路肩之故障車輛最多以1 小時為限。
traffic_law_truefalse-283,traffic_law_truefalse,16,高速或快速公路的行車標誌，除了使用高速或快速公路特種標誌外，仍部份使用一般規定的行車標誌。
traffic_law_truefalse-286,traffic_law_truefalse,16,高速公路及快速公路管理機關，屬國道部分為交通部高速公路局，屬省道部分為交通部公路局。
traffic_law_truefalse-287,traffic_law_truefalse,16,高速或快速公路行車速度規定，應依速限標誌指示行駛。
traffic_law_truefalse-288,traffic_law_truefalse,16,汽缸總排氣量超過550 立方公分以上之大型重型機車，其性能好，駕駛人駕駛技術優良，可以在任何路段及時段的高速或快速公路行車。  10
traffic_law_truefalse-289,traffic_law_truefalse,16,"汽缸總排氣量在 1,200 立方公分(Ｃ.Ｃ.)以下之汽車，不論新舊與廠牌，一律不准在高速或快速公路行駛。"
traffic_law_truefalse-292,traffic_law_truefalse,17,汽車行駛高速或快速公路，行經因事故或其他原因發生交通阻塞之路段時，可將車輛暫停或停駐路肩。
traffic_law_truefalse-295,traffic_law_truefalse,17,在高速公路服務區休息站停放之車輛，最多以12 小時為限。
traffic_law_truefalse-296,traffic_law_truefalse,17,正常天候情況下，汽車行駛高速或快速公路應依速限標誌指示行車。
traffic_law_truefalse-300,traffic_law_truefalse,17,在高速行車情況下駕駛人容易產生心理上的緊張，遇見交通干擾時操作亦較易發生慌亂失常。
traffic_law_truefalse-301,traffic_law_truefalse,17,在高速行車狀況下，駕駛人生理上對於緊急事件反應與應變能力並無影響。
traffic_law_truefalse-302,traffic_law_truefalse,17,在高速行車狀況下，駕駛人視覺與平時一樣，沒有一點影響。
traffic_law_truefalse-303,traffic_law_truefalse,17,在高速行車狀況下，駕駛人應更加注意兩側車道車輛動向。
traffic_law_truefalse-304,traffic_law_truefalse,17,在高速或快速公路上行車，因為路面寬闊，坡平彎緩，駕駛人應提高警覺隨時注意速度，以免超速行駛。
traffic_law_truefalse-305,traffic_law_truefalse,17,在高速行車狀況下，輪胎易生高熱及波狀變形，需要胎紋深度充足、胎壓正常之輪胎，防止輪胎爆破。
traffic_law_truefalse-307,traffic_law_truefalse,17,進入高、快速公路，若鄰近主線車道車輛甚多，不能適時安全轉入時，應在加速車道中降低速度等待機會。
traffic_law_truefalse-316,traffic_law_truefalse,18,高速或快速公路管理機關，得發布命令，指定時段於高速或快速公路特定匝道或路段之車道、路肩，禁止、限制或開放車輛通行，並包括乘載人數。
traffic_law_truefalse-319,traffic_law_truefalse,18,汽缸總排氣量未滿550 立方公分之機車不得行駛高速公路。
traffic_law_truefalse-320,traffic_law_truefalse,18,高速公路每隔一段距離設立路邊緊急電話1 具，係專供用路人緊急求援或通報路況之用。
traffic_law_truefalse-323,traffic_law_truefalse,18,貨車行駛高速或快速公路，其裝載之貨物，應嚴密覆蓋及捆紮牢固。裝載砂石等粒狀物品，除應嚴密覆蓋外，並不得超過車廂高度。
traffic_law_truefalse-327,traffic_law_truefalse,18,大型客車為增加運輸量，行駛高速或快速公路時，允許站立乘客。
traffic_law_truefalse-329,traffic_law_truefalse,19,四輪以上汽車行駛高速或快速公路時，其輪胎胎面不得磨損至中華民國國家標準 CNS 1431 汽車用外胎（輪胎）標準或 CNS 4959 卡客車用翻修輪胎標準所訂之任一胎面磨耗指示點。
traffic_law_truefalse-330,traffic_law_truefalse,19,汽車行駛高速或快速公路時，不得有車輛機件、設備、附著物不穩妥或脫落者之情形。
traffic_law_truefalse-331,traffic_law_truefalse,19,在高速公路碰到交通阻塞時，汽車可利用路肩行駛。
traffic_law_truefalse-332,traffic_law_truefalse,19,未經高速或快速公路管理機關登記許可之拖、吊車輛，不得擅自在高速或快速公路沿線路權範圍內營業。
traffic_law_truefalse-334,traffic_law_truefalse,19,小型汽車在高速或快速公路行車速限每小時80 公里路段行駛時，為維護行車安全，應與同車道前行車輛保持至少40 公尺距離。
traffic_law_truefalse-336,traffic_law_truefalse,19,行駛高速或快速公路前，應蒐集並瞭解各項交通管制疏導措施及道路交通狀況。
traffic_law_truefalse-338,traffic_law_truefalse,19,睡眠不足，神志不清只要小心駕駛仍然可以開車。
traffic_law_truefalse-339,traffic_law_truefalse,19,對汽車性能不了解與行車安全並無關係。
traffic_law_truefalse-340,traffic_law_truefalse,19,遵守道路交通安全規則，必可減少交通事故。
traffic_law_truefalse-341,traffic_law_truefalse,19,在車禍將發生前，能立即採取合理適當行動加以防止，叫做防衛駕駛。
traffic_law_truefalse-342,traffic_law_truefalse,19,行車前了解沿途道路狀況，對行車安全並無幫助。
traffic_law_truefalse-343,traffic_law_truefalse,19,在深夜凌晨人車稀少，可以超速行駛。
traffic_law_truefalse-344,traffic_law_truefalse,19,在夜間開車前，應將擋風玻璃及駕駛座兩側玻璃擦拭乾淨，可增加行車安全。
traffic_law_truefalse-346,traffic_law_truefalse,19,行駛在積水路段，應減速慢行，通過後並試踩煞車。
traffic_law_truefalse-353,traffic_law_truefalse,20,汽車行駛時，乘客不可將頭或身體部位伸出窗外。
traffic_law_truefalse-354,traffic_law_truefalse,20,若因隧道內車道壅塞，可變換至較少車輛之車道行駛，以紓解車流量。
traffic_law_truefalse-356,traffic_law_truefalse,20,行經隧道若發生交通事故，雖無人員傷亡，且車輛尚能行駛者，為求釐清事故責任，應保持事故現場完整，不得移動車輛。
traffic_law_truefalse-360,traffic_law_truefalse,20,汽車駕駛人，僅需具有優良駕駛技術，不需具備急救的常識和技能。
traffic_law_truefalse-361,traffic_law_truefalse,20,一般汽車駕駛人應參考車主手冊上之說明採用適當辛烷值之汽油。
traffic_law_truefalse-362,traffic_law_truefalse,20,若用過低辛烷值汽油，會引起不正常燃燒，造成震爆、耗油及行駛無力等現象。
traffic_law_truefalse-363,traffic_law_truefalse,20,減少車輛不必要的負載以減輕重量，可減少耗油。
traffic_law_truefalse-364,traffic_law_truefalse,20,冷車啟動後無須於空檔加油門進行暖車，以緩步行駛可加速達到引擎正常工作溫度。
traffic_law_truefalse-365,traffic_law_truefalse,20,汽車行駛中應以平穩漸進的速度行駛，避免低速檔使用的時間過長。
traffic_law_truefalse-366,traffic_law_truefalse,20,汽車行駛過程中，平穩起駛，並儘量維持穩定車速行駛是最省油的駕駛方法。
traffic_law_truefalse-367,traffic_law_truefalse,20,開車應儘量避免尖峰時間通過車多、人多壅塞路線以免增加油耗。
traffic_law_truefalse-368,traffic_law_truefalse,21,汽車駕駛人有未依規定行駛車道之駕駛行為時，如當場不能或不宜攔截製單舉發者，得逕行舉發處罰。
traffic_law_truefalse-370,traffic_law_truefalse,21,汽車駕駛人，不依規定使用燈光者，處以罰鍰。
traffic_law_truefalse-371,traffic_law_truefalse,21,利用道路為工作場所，除責令行為人即時停止並消除障礙外，處行為人或雇主罰鍰。
traffic_law_truefalse-372,traffic_law_truefalse,21,汽車車身、引擎、底盤、電系等重要設備變更或調換時，不需向公路主管機關申請臨時檢驗。
traffic_law_truefalse-373,traffic_law_truefalse,21,"汽車裝載貨物行經設有地磅處所5 公里內路段，未依標誌、標線、號誌指示過磅者，處汽車駕駛人新臺幣90,000 元罰鍰，並得強制其過磅。"
traffic_law_truefalse-379,traffic_law_truefalse,21,汽車車身外不得附加燈飾；車燈亦不得加以噴色或黏貼膠紙。
traffic_law_truefalse-381,traffic_law_truefalse,21,汽車不得在設有彎道、險坡、狹路標誌之路段、槽化線、交通島或道路修理地段停車。
traffic_law_truefalse-382,traffic_law_truefalse,21,汽缸總排氣量 550 立方公分以上之大型重型機車行駛於高速公路及快速公路，可於同車道併駛或超車。
traffic_law_truefalse-383,traffic_law_truefalse,21,汽缸總排氣量 550 立方公分以上之大型重型機車行駛於高速公路及快速公路，應配戴之安全帽，且其安全帽應為全面式或露臉式。
traffic_law_truefalse-384,traffic_law_truefalse,22,汽缸總排氣量550 立方公分以上之大型重型機車行駛高速公路及快速公路，應妥為檢查車輛其輪胎任一點胎紋深度不得不足1 公釐。
traffic_law_truefalse-386,traffic_law_truefalse,22,所謂「安全邊際」就是駕駛人對各種行車因素，因疏忽而發生危險時可供緩衝的限度。
traffic_law_truefalse-387,traffic_law_truefalse,22,有「安全邊際」觀念的駕駛人，會事先做應變的措施，去預防違規行為之人、車侵犯自己的行車安全。
traffic_law_truefalse-389,traffic_law_truefalse,22,駕駛人在行車前，應先調整座椅位置，並調整左、右照後鏡、室內鏡在適當角度的位置。且鏡面務必擦拭明晰，以助看清周圍狀況。
traffic_law_truefalse-390,traffic_law_truefalse,22,開車起駛，眼睛之視距不可太遠，應隨車速之增加而把視距加遠。
traffic_law_truefalse-391,traffic_law_truefalse,22,後車跟隨前車，其最小安全跟車距離，須大於停車距離。
traffic_law_truefalse-392,traffic_law_truefalse,22,避免碰撞的準則為保持安全跟車距離。
traffic_law_truefalse-394,traffic_law_truefalse,22,反應距離，是指汽車駕駛人於行進間發現任何狀況時所採取的因應措施，其反應時間內車輛所行駛之距離。
traffic_law_truefalse-395,traffic_law_truefalse,22,汽車軸距愈長、輪距愈寬，所需最小迴轉半徑愈大。
traffic_law_truefalse-396,traffic_law_truefalse,22,視野為駕駛人兩眼注視正前方時，對於兩側事物所能感受之能力或界限。
traffic_law_truefalse-397,traffic_law_truefalse,22,汽車車速愈快，駕駛人的視野愈大，故在遠方的景色較易看清楚。
traffic_law_truefalse-398,traffic_law_truefalse,22,汽車行駛速度愈快，駕駛人的視野變窄、視力變差。
traffic_law_truefalse-399,traffic_law_truefalse,22,下雨時路面變滑，急轉彎、急煞車都會使車身橫滑，應小心駕駛。
traffic_law_truefalse-400,traffic_law_truefalse,22,彎道行駛輪胎打滑時，絕不可踩煞車，最安全的措施是放鬆油門。
traffic_law_truefalse-401,traffic_law_truefalse,22,汽車直行中發現車尾向右側滑，方向盤應該略向右邊修正。
traffic_law_truefalse-402,traffic_law_truefalse,22,把小孩留在車內，離座時應取下鑰匙並上鎖，始可遠離車輛，但不可超過20 分鐘。
traffic_law_truefalse-404,traffic_law_truefalse,23,大部份的行車事故，都是因為汽車駕駛人的疏忽、錯誤，及不良的駕駛習慣所造成。
traffic_law_truefalse-405,traffic_law_truefalse,23,發現車禍與我無關趕快駛離現場，不須報警。
traffic_law_truefalse-406,traffic_law_truefalse,23,行車事故責任未明時，當事人得向警察機關或公路監理機關申請鑑定。
traffic_law_truefalse-407,traffic_law_truefalse,23,交通事故當事人對於行車事故鑑定委員會之鑑定結果不服時，得於接到鑑定責任意見書之翌日起30 日內，向覆議委員會申請覆議。
traffic_law_truefalse-408,traffic_law_truefalse,23,駕駛前服用感冒藥、多量鎮定劑，應不影響身心狀況，仍可繼續駕駛。
traffic_law_truefalse-410,traffic_law_truefalse,23,汽車駕駛人若喝酒後，會使反應遲延，視力增加。
traffic_law_truefalse-411,traffic_law_truefalse,23,兒童須乘坐於小客車之前座。
traffic_law_truefalse-413,traffic_law_truefalse,23,汽車加油後，油箱蓋應鎖緊才可減少油料蒸發損失，並保持油料清潔。
traffic_law_truefalse-414,traffic_law_truefalse,23,汽車駛入加油站加油時，引擎應關閉，並不得抽菸或撥、接手機，以免發生危險。
traffic_law_truefalse-415,traffic_law_truefalse,23,汽車加油要打開加油口旋轉蓋時，油箱內可能具有壓力，應依逆時針方向先開啟一半，等「嘶嘶」聲停止後，再完全打開，以免剩油噴出造成傷害。
traffic_law_truefalse-416,traffic_law_truefalse,23,汽車加完油後，要將加油口蓋轉緊時，應依順時針方向旋轉至棘輪發出聲響為止。
traffic_law_truefalse-417,traffic_law_truefalse,23,道路駕駛練習，行車前不必實施車輛安全檢查，因為那是駕駛教練的工作。
traffic_law_truefalse-418,traffic_law_truefalse,23,夜間行車，若燈光照射距離變遠，即表示為下坡路段。
traffic_law_truefalse-419,traffic_law_truefalse,23,汽車下坡時，如關掉引擎，動力方向盤和煞車增壓器不能正常運作，易發生事故。
traffic_law_truefalse-420,traffic_law_truefalse,23,汽車下長坡道時，應儘量使用腳煞車，勿過度使用引擎煞車。
traffic_law_truefalse-421,traffic_law_truefalse,24,汽車下長坡道時，如果能適當運用引擎煞車，不但會減少車輛損壞率，且最安全。
traffic_law_truefalse-422,traffic_law_truefalse,24,汽車行駛於長下坡，為避免煞車過度使用而失靈，應將檔位排入低速檔，配合引擎煞車而勿過度使用腳煞車。
traffic_law_truefalse-423,traffic_law_truefalse,24,自排車之引擎煞車效果，較手排車為佳。
traffic_law_truefalse-425,traffic_law_truefalse,24,汽車行經坡度大約相等的上、下坡道，上坡時若以2 檔行駛，下坡時應以3 檔或4 檔行駛，既可省油又可節省時間。
traffic_law_truefalse-426,traffic_law_truefalse,24,行車時可使用超速傳動檔（○/D 檔）來做引擎煞車。
traffic_law_truefalse-427,traffic_law_truefalse,24,汽車加減速次數愈多，排放廢氣污染愈嚴重。
traffic_law_truefalse-428,traffic_law_truefalse,24,急速踩放油門踏板，會造成耗油與增加排放污染氣體之不良現象。
traffic_law_truefalse-429,traffic_law_truefalse,24,汽車行駛速度愈高，則愈省油。
traffic_law_truefalse-430,traffic_law_truefalse,24,在同一車速下，使用低速檔的輸出扭力，較使用高速檔的輸出扭力為大。
traffic_law_truefalse-431,traffic_law_truefalse,24,行車速度，可不依速限標誌或標線之規定。
traffic_law_truefalse-432,traffic_law_truefalse,24,急速起駛能縮短低速檔行駛時間，可節省油料。
traffic_law_truefalse-433,traffic_law_truefalse,24,駕駛汽車為了安全及節能減碳，行車車速要平穩，不急加速或急減速，且應保持安全間距。
traffic_law_truefalse-437,traffic_law_truefalse,24,看見路上發生事故，警察已到現場處理，應繞道離開，不可好奇在現場停留觀看。
traffic_law_truefalse-439,traffic_law_truefalse,24,提早使用煞車，儘量避免緊急煞車，以防後車追撞，危及車內人員之安全。
traffic_law_truefalse-441,traffic_law_truefalse,25,小型車儘量避免緊跟大型車之後行駛，前方視線易受其遮擋，如果前方有突發狀況，則無法提早應變。
traffic_law_truefalse-446,traffic_law_truefalse,25,路口左轉燈亮時，為防範突發狀況，應慢速左轉或迴轉。
traffic_law_truefalse-448,traffic_law_truefalse,25,在左轉專用道上之車輛，因臨時起意，可以不左轉，改為向前直行。
traffic_law_truefalse-449,traffic_law_truefalse,25,在道路行駛之汽車，對右前方行駛之機車，雖未顯示左轉方向燈，但仍應防範他突然左轉，造成交通事故。
traffic_law_truefalse-452,traffic_law_truefalse,25,行車欲超越前方車輛，應先打右方向燈。
traffic_law_truefalse-456,traffic_law_truefalse,25,汽車在轉彎時，應減速慢行，如感覺非踩煞車不可，表示在轉彎前未充分減速。
traffic_law_truefalse-458,traffic_law_truefalse,26,變換車道時應採用適當的速度，平穩漸進，是優良駕駛人應有的駕駛行為。
traffic_law_truefalse-459,traffic_law_truefalse,26,在多車道之路口前，為方便左右轉向，可在雙白實線區變換車道。
traffic_law_truefalse-462,traffic_law_truefalse,26,停車後，駕駛人及乘客應先察看後方是否有來車或行人，不可即行推開車門下車。
traffic_law_truefalse-465,traffic_law_truefalse,26,路邊停妥車輛後，打開車門前應先確定左後方並無來車，尤其是機車。
traffic_law_truefalse-466,traffic_law_truefalse,26,為節能減碳，停車怠速時間不得超過3 分鐘，以免排放廢氣污染環境，違者可依空氣污染防制法處以罰鍰。
traffic_law_truefalse-468,traffic_law_truefalse,26,轉動汽車方向盤半圈以上時，應採用連續交叉旋轉的操作方法。
traffic_law_truefalse-469,traffic_law_truefalse,26,汽車行駛中突然爆胎，應握緊方向盤，保持直行狀態，並放鬆油門踏板。
traffic_law_truefalse-470,traffic_law_truefalse,26,汽車涉水後，煞車效能不變。
traffic_law_truefalse-471,traffic_law_truefalse,26,手排車踩離合器踏板的動作要慢踩快放，踩煞車踏板的動作要快踩慢放。
traffic_law_truefalse-472,traffic_law_truefalse,26,駕駛自動排檔車上高速公路時，從開車上路起就可將排檔桿排在最低檔位，不論開快或開慢，排檔桿會自動調整到適當的檔位，放心行駛，不會有問題。
traffic_law_truefalse-473,traffic_law_truefalse,26,高速公路行車，由於路面平直，速度均勻，精神較不受影響。
traffic_law_truefalse-474,traffic_law_truefalse,26,汽車安全保養檢查或進場實施定期保養檢查的目的，是促進行車安全與減少行車成本，及降低駕駛者之開車壓力等。
traffic_law_truefalse-475,traffic_law_truefalse,26,汽車安全檢查後，務必確認引擎蓋已經確實蓋緊鎖定，始可開車上路，以避免行車時引擎蓋意外開啟。
traffic_law_truefalse-476,traffic_law_truefalse,27,行車前在引擎室裡，檢查水箱水量、電瓶液、機油、煞車油都達到安全標準，並檢視皮帶完整無損，才可以上路。
traffic_law_truefalse-477,traffic_law_truefalse,27,開車前，不必檢查機件安全，但在行駛中要隨時注意儀錶功能顯示，確保行車安全。
traffic_law_truefalse-478,traffic_law_truefalse,27,汽車除按規定接受監理單位指定之檢驗外，並應依原廠規定時間或里程實施保養及檢修。
traffic_law_truefalse-479,traffic_law_truefalse,27,汽車引擎機油，最好行車前檢查一次，確保油面在機油尺之刻度規格範圍內，油量太多會增加引擎負荷，導致耗油。
traffic_law_truefalse-480,traffic_law_truefalse,27,檢查機油高度時，車輛必須停在水平地面上。
traffic_law_truefalse-482,traffic_law_truefalse,27,檢查引擎機油量及油質時，應在發動引擎時檢查。
traffic_law_truefalse-483,traffic_law_truefalse,27,引擎熄火後，可以馬上檢查機油高度。
traffic_law_truefalse-484,traffic_law_truefalse,27,定期更換引擎機油，可延長引擎使用壽命。
traffic_law_truefalse-485,traffic_law_truefalse,27,引擎機油太多時，會造成火星塞積碳、耗油、馬力降低等不良現象。
traffic_law_truefalse-486,traffic_law_truefalse,27,引擎機油如變為乳白狀現象，表示冷卻水已混入機油，需送廠檢修。
traffic_law_truefalse-487,traffic_law_truefalse,27,"檢查煞車油油量液面高度，應在油壺""MIN""刻線與""MAX""刻線之間，有需要時即予補充煞車油。並應使用同一廠牌同一規格之煞車油。"
traffic_law_truefalse-488,traffic_law_truefalse,27,"煞車油若經常低於""MIN""線，只要添加即可，不必到修理廠檢修。"
traffic_law_truefalse-489,traffic_law_truefalse,27,檢查煞車總泵之油量不足時，應補充煞車油。
traffic_law_truefalse-490,traffic_law_truefalse,27,將煞車油超越上限加滿，且用力踩煞車，使車輛輪胎鎖住，此時的煞車效果最好，煞車距離最短。
traffic_law_truefalse-491,traffic_law_truefalse,27,煞車油潑灑在漆面上，會造成漆面損壞；若不小心潑灑到，應即刻用清水沖洗。
traffic_law_truefalse-492,traffic_law_truefalse,27,踩煞車時發現踏板軟綿綿的，可能煞車油管內有空氣或漏油，應立即停車檢修，以免發生危險。
traffic_law_truefalse-493,traffic_law_truefalse,27,煞車油、動力方向機油與自動變速箱油均為有毒之物品，應儲存在有標示的容器內，放置於兒童拿不到的地方。
traffic_law_truefalse-494,traffic_law_truefalse,27,動力轉向系統漏油時，方向盤就完全無法轉動。
traffic_law_truefalse-495,traffic_law_truefalse,27,汽車電瓶樁頭直徑較大者為正極，較小者為負極。
traffic_law_truefalse-496,traffic_law_truefalse,27,保持適當電瓶液高度，可使電瓶使用壽命增長。
traffic_law_truefalse-497,traffic_law_truefalse,28,檢查電瓶液若不足時，應添加蒸餾水。
traffic_law_truefalse-498,traffic_law_truefalse,28,檢查電瓶液若不足時，應補充礦泉水至指定位置。
traffic_law_truefalse-499,traffic_law_truefalse,28,電瓶液為稀硫酸，具有腐蝕性，如皮膚、眼睛、衣服等不小心碰觸到時，應立即用清水沖洗。
traffic_law_truefalse-500,traffic_law_truefalse,28,可直接利用抽菸用打火機之燈火，很貼近的照射，並檢查黑暗處之電瓶樁頭、電水添加蓋等情況。
traffic_law_truefalse-501,traffic_law_truefalse,28,車上安裝過多且耗電之電器用品，易使引擎耗費燃料。
traffic_law_truefalse-502,traffic_law_truefalse,28,"電瓶電量不足時，如使用另一車電瓶救援，需採""＋""極接""＋""極，""－""極接故障車輛搭鐵良好處。"
traffic_law_truefalse-503,traffic_law_truefalse,28,若擋風玻璃噴水器之儲液桶內無水時，仍可使用噴水器。
traffic_law_truefalse-504,traffic_law_truefalse,28,儀錶板上的「里程表」，係紀錄汽車所行駛的總里程數。
traffic_law_truefalse-505,traffic_law_truefalse,28,儀錶板上的「里程表」，係以每分鐘來表示引擎之旋轉數。
traffic_law_truefalse-506,traffic_law_truefalse,28,"儀錶板上的「引擎轉速錶」，係表示引擎之轉數；指針在"" 1 ""的位置時，表示每分鐘引擎轉速為1,000 轉。"
traffic_law_truefalse-507,traffic_law_truefalse,28,儀表板上的「引擎冷卻水水溫表」，不會因車外空氣溫度與駕駛狀況而改變。
traffic_law_truefalse-508,traffic_law_truefalse,28,儀錶板上的「引擎冷卻水水溫錶」之指針，如果超過正常範圍，應儘快將車輛安全停靠路邊，如果繼續行駛，可能嚴重損害引擎。
traffic_law_truefalse-509,traffic_law_truefalse,28,"引擎溫度高時，溫度錶指針偏向""Ｈ""處。"
traffic_law_truefalse-510,traffic_law_truefalse,28,檢查水箱內冷卻水量與水質及有無漏水，應於引擎正常工作溫度時。
traffic_law_truefalse-511,traffic_law_truefalse,28,引擎高熱時，切勿打開水箱壓力蓋，以防高溫液體自水箱噴出，而造成嚴重燙傷。
traffic_law_truefalse-512,traffic_law_truefalse,28,檢查引擎冷卻水是否足夠時，應先發動引擎數分鐘後熄火，再打開水箱蓋檢查液面。
traffic_law_truefalse-513,traffic_law_truefalse,28,冷卻系統只要副水箱在滿水位，主水箱不必檢查也不會有問題。
traffic_law_truefalse-514,traffic_law_truefalse,28,引擎冷卻水內含有防凍液或防銹劑，可不必更換。
traffic_law_truefalse-515,traffic_law_truefalse,28,行車時發現水溫錶指針位置超過上限，應將車輛安全停靠路邊，拉起手煞車，並馬上將引擎熄火，再即時打開水箱蓋檢查水箱水量。
traffic_law_truefalse-516,traffic_law_truefalse,28,發動引擎前，必須先檢查水箱的冷卻水量及機油的油面高度。
traffic_law_truefalse-517,traffic_law_truefalse,28,水冷式引擎無冷卻水時，不可發動。
traffic_law_truefalse-518,traffic_law_truefalse,28,只要冷卻水足夠，引擎就不會過熱。
traffic_law_truefalse-519,traffic_law_truefalse,29,使用擋風玻璃噴水器，如儲液桶內無水時，易損壞噴水器馬達，若撥動雨刷，易刮壞擋風玻璃，損壞雨刷片。
traffic_law_truefalse-520,traffic_law_truefalse,29,儀錶板上的「燃油油量錶」之指針高度，已經降低至「E」點，橘色的「低油料警示燈」點亮時，不必急著加油，到達目的地後再行補充燃油即可。
traffic_law_truefalse-521,traffic_law_truefalse,29,"當燃油錶的指針在""E""的位置時，表示油箱是滿油的。"
traffic_law_truefalse-522,traffic_law_truefalse,29,引擎發動後，各部份電器用電，由發電機發電供給。
traffic_law_truefalse-523,traffic_law_truefalse,29,汽車行駛中，發現充電警示燈亮起，即表示充電系統中有故障。
traffic_law_truefalse-524,traffic_law_truefalse,29,汽車行駛中煞車警示燈突然亮起，應立即靠邊停車，將引擎熄火等待救援。
traffic_law_truefalse-525,traffic_law_truefalse,29,車用ABS 煞車系統，最主要優點為當緊急煞車時，使煞車及轉向仍能保持正常。
traffic_law_truefalse-526,traffic_law_truefalse,29,汽車用電腦控制ABS 煞車系統，當高速行駛緊急煞車時，煞車踏板會自動上下震動，表示正常現象。
traffic_law_truefalse-527,traffic_law_truefalse,29,高速行駛緊急煞車的過程，如該車裝設有電腦控制ABS 煞車裝置時，只要駕駛人冷靜地操作方向盤，可能會閃過障礙物。
traffic_law_truefalse-528,traffic_law_truefalse,29,車內置物箱之箱蓋，開啟後應隨手關上，以避免意外或突然煞車時致使乘客受傷。
traffic_law_truefalse-529,traffic_law_truefalse,29,車上儘量減少放置不必要的物品，減低車重，省油又省錢，並可節能減碳。
traffic_law_truefalse-530,traffic_law_truefalse,29,行車時不要調整駕駛座椅，座椅可能突然移動，而造成車輛失控。
traffic_law_truefalse-531,traffic_law_truefalse,29,行駛中如果感覺座椅位置不舒適，可以一面開車一面調整駕駛座椅。
traffic_law_truefalse-539,traffic_law_truefalse,30,自排車輛起駛時，要踩下煞車踏板，才能移動排檔桿，以避免發生暴衝危險。
traffic_law_truefalse-540,traffic_law_truefalse,30,自動排檔車輛，在起動引擎時，應將排檔桿放置在「P」檔位置。
traffic_law_truefalse-541,traffic_law_truefalse,30,自排車起動引擎時，一定要將排檔桿置於「Ｄ」檔，才能使起動馬達運轉。
traffic_law_truefalse-542,traffic_law_truefalse,30,自動排檔車輛，將排檔桿放置於「Ｎ」或「Ｐ」檔以外之檔位，仍可起動引擎。
traffic_law_truefalse-543,traffic_law_truefalse,30,自動排檔車輛在行駛中，排檔桿可以隨時換入「P」檔，或「R」檔位置。
traffic_law_truefalse-544,traffic_law_truefalse,30,自動排檔車停車時，應在車輛確實完全停止後，始能將排檔桿換入「P」檔位置。
traffic_law_truefalse-546,traffic_law_truefalse,30,自排車下險坡時，需排入較低之檔位。
traffic_law_truefalse-547,traffic_law_truefalse,30,行車前檢查汽車輪胎，應檢查其胎紋深度及胎壓。
traffic_law_truefalse-548,traffic_law_truefalse,30,輪胎胎壓必須定期檢查（包括備胎），而每部車輛的胎壓標準不盡相同，應根據汽車駕駛人使用手冊規定，充氣到規定值。
traffic_law_truefalse-549,traffic_law_truefalse,30,輪胎胎壓愈高愈省油，並不影響煞車性能。
traffic_law_truefalse-550,traffic_law_truefalse,30,輪胎氣壓不足時，不但耗油，高速長時間行駛且易發生爆胎。
traffic_law_truefalse-551,traffic_law_truefalse,30,輪胎之胎紋磨損過大時，不影響行車安全。
traffic_law_truefalse-552,traffic_law_truefalse,30,每次使用起動馬達發動引擎，最多不超過10 秒，否則電瓶與起動馬達易損壞。
traffic_law_truefalse-553,traffic_law_truefalse,30,起動引擎時，每次操作不可超過10 秒鐘，若無法起動，應等10 秒鐘後才可再起動。否則起動馬達會受損。
traffic_law_truefalse-554,traffic_law_truefalse,30,電瓶沒電，引擎無法起動，不論手排或自排車都可以用推車方式來起動引擎。
traffic_law_truefalse-555,traffic_law_truefalse,30,引擎發動時，排氣管排放藍白色煙，表示燃燒機油。
traffic_law_truefalse-556,traffic_law_truefalse,30,引擎低溫發動時，排氣管會滴水是正常現象。
traffic_law_truefalse-557,traffic_law_truefalse,30,煞車時有異音，是煞車系統不正常的現象，應停車檢查。
traffic_law_truefalse-558,traffic_law_truefalse,30,煞車時有異音，是正常的情況，不必檢修。
traffic_law_truefalse-559,traffic_law_truefalse,30,手煞車未放鬆，對起駛沒有什麼影響。
traffic_law_truefalse-560,traffic_law_truefalse,31,手煞車與腳煞車不能同時併用。
traffic_law_truefalse-561,traffic_law_truefalse,31,踩煞車太猛，輪胎易磨損，且容易翻車。
traffic_law_truefalse-562,traffic_law_truefalse,31,踩煞車時會有異音，可能是煞車來令片磨損。
traffic_law_truefalse-563,traffic_law_truefalse,31,新車在各項機件磨合時期內，要避免高速行駛與緊急煞車。
traffic_law_truefalse-564,traffic_law_truefalse,31,汽車行駛速度愈高愈省油，故引擎轉速可以無限制地提升。
traffic_law_truefalse-565,traffic_law_truefalse,31,冷引擎高速運轉，會縮短引擎壽命。
traffic_law_truefalse-566,traffic_law_truefalse,31,引擎在低溫時，耗油量比正常溫度時大。
traffic_law_truefalse-568,traffic_law_truefalse,31,油電混合車最主要的功用，是可節省燃油與減少空氣污染。
traffic_law_truefalse-569,traffic_law_truefalse,31,電腦控制汽油噴射引擎低溫發動前，要連續踩放油門踏板數次，才容易發動。
traffic_law_truefalse-570,traffic_law_truefalse,31,在停車時拉緊手煞車，可防止車輛滑動。
traffic_law_truefalse-572,traffic_law_truefalse,31,停車時，打火機等易燃物品不可留置於車內，當日光直接曝曬，所產生之高溫可能引發危險。
traffic_law_truefalse-582,traffic_law_truefalse,32,禁止停車路段除另有規定外，原則上係全天24 小時禁止停車。
traffic_law_truefalse-595,traffic_law_truefalse,32,前方有執行任務之救護車行駛，因趕時間，可以超越它行駛。
traffic_law_truefalse-596,traffic_law_truefalse,32,開車時不必理會義交之指揮，一切以號誌為主。
traffic_law_truefalse-599,traffic_law_truefalse,33,汽車行經山區、特殊路段、涵洞或地下道等應依標誌指示使用燈光。
traffic_law_truefalse-601,traffic_law_truefalse,33,汽缸總排氣量超過250 立方公分以上未滿550 立方公分大型重型機車行駛路權比照小型汽車，可行駛高速公路、快速公路。
traffic_law_truefalse-606,traffic_law_truefalse,33,自用小客車使用液化石油氣及壓縮天然氣為燃料，小貨車、大型車、幼童專用車及營業車其出廠年份未滿5 年者，每年至少檢驗1 次，10 年以上每年至少檢驗2 次。
traffic_law_truefalse-608,traffic_law_truefalse,33,汽車定期檢驗之項目及標準，包括腳煞車、手煞車效能、平衡度合於規定以及各種燈光完備，作用正常。
traffic_law_truefalse-610,traffic_law_truefalse,33,小型汽車應依核定附掛拖車，且附掛之拖車應僅限於裝載露營、休閒遊憩、防疫及救災用具使用，且其車門應能關閉良好，物品應捆紮牢固、堆放平穩，行駛中不得附載人員及其側面車窗不得向外開啟。
traffic_law_truefalse-612,traffic_law_truefalse,33,汽車可以裝設發出不同音調之喇叭。
traffic_law_truefalse-616,traffic_law_truefalse,34,汽車之車門嚴重損壞已無法修復時，須申請報廢。
traffic_law_truefalse-619,traffic_law_truefalse,34,自動排檔車在行駛中引擎熄火，欲再重新起動時，卻無法起動，其排檔桿可能還停留在「D」檔位置。
traffic_law_truefalse-623,traffic_law_truefalse,34,駕駛汽車欲進入高速公路，如發現匝道口設有禁止進入標誌、箭頭向外之指向線，或匝道上設有紅色反光導標，表示該處為出口匝道，禁止任何車輛進入。
traffic_law_truefalse-624,traffic_law_truefalse,34,行經設有施工標誌、白色方型道路線型改變告示牌或停有施工警示車時，表示前方為施工路段，車輛應減速慢行小心通過。
traffic_law_truefalse-625,traffic_law_truefalse,34,高速公路之交通事故由內政部警政署國道公路警察局處理。快速公路之交通事故由所轄縣、市政府警察機關或內政部警政署指定之警察機關處理。
traffic_law_truefalse-628,traffic_law_truefalse,34,雨天行駛山區道路應隨時收聽警察廣播電台，留意路況資訊，提高警戒，注意四周狀況，勿行駛危險路段。
traffic_law_truefalse-629,traffic_law_truefalse,35,道路是百分之百絕對安全的，因此上路前不需要特別查詢路況，即使颱風豪雨出門也不會有任何危險。
traffic_law_truefalse-630,traffic_law_truefalse,35,中央氣象署發布豪(大)雨特報期間，遇有道路零星落石坍方或河川上游豪(大)雨造成下游橋樑水位暴漲，可能是發生公路災害之前兆，應避免行駛該路段並通報公路單位或警察廣播電台以免其他用路人受災。
traffic_law_truefalse-636,traffic_law_truefalse,35,雪地裡行車前輪胎應更換成雪胎或上雪鏈，並確認輪胎與備胎之胎壓、胎紋厚度是否足夠。
traffic_law_truefalse-637,traffic_law_truefalse,35,結霜或結冰路面只要善用雪胎或上雪鏈，即不會有打滑危險。
traffic_law_truefalse-638,traffic_law_truefalse,35,雪地行車容易打滑，應加長行車安全距離。
traffic_law_truefalse-643,traffic_law_truefalse,35,發生道路交通事故，駕駛人或肇事人應先為處置包含事故地點在車道或路肩者，應在適當距離處豎立車輛故障標誌或其他明顯警告設施，事故現場排除後應即撤除、有受傷者，應迅予救護，並儘速通知消防機關。
traffic_law_truefalse-644,traffic_law_truefalse,35,道路交通事故無人傷亡且車輛尚能行駛案件，當事人使用照相或錄影工具紀錄車輛位置與現場痕跡之方式時應掌握拍攝及移車全程注意安全之原則。
traffic_law_truefalse-647,traffic_law_truefalse,36,駕駛人應隨時留意車前狀況並依規定行駛，如遇自行車騎士除保持安全距離及間隔外，尤應注意其手勢所預告即將變換行進之方向。
traffic_law_truefalse-649,traffic_law_truefalse,36,汽車駕駛人行經有畫設機慢車優先道路段時，應優先禮讓電動輔助自行車及電動自行車。
traffic_law_truefalse-650,traffic_law_truefalse,36,於高速公路發生無人傷亡且車輛尚能行駛之交通事故，應先標繪車輛位置及現場痕跡證據後，並得採用攝影或錄影等設備記錄，將車輛移置不妨礙交通之處，通知有關單位處理。
traffic_law_truefalse-651,traffic_law_truefalse,36,汽車於高速公路發生交通事故致人受傷或死亡者，應即採取救護措施及依規定處置，並撥打110、1968 或1968App 報請警察機關或有關單位處理，不得任意移動肇事汽車及現場痕跡證據；但肇事致人受傷案件當事人均同意時，應先標繪車輛位置及現場證據後，將車輛移置不妨礙交通之處所。
traffic_law_truefalse-652,traffic_law_truefalse,36,汽車於高速公路發生交通事故後，應在適當距離處豎立車輛故障標誌或其他明顯警告設施，事故現場排除後應即撤除、有受傷者，應迅予救護，並儘速撥打110、1968 或1968App 報請警察機關或有關單位處理。
traffic_law_truefalse-653,traffic_law_truefalse,36,汽車於高速公路發生故障或交通事故後，若無人傷亡且車輛尚能行駛，為防遭後車追撞，應移動至安全處所等候救援，避免在車道上逗留，視線須面向來車方向，注意後方車輛狀況。
traffic_law_truefalse-656,traffic_law_truefalse,36,通學區起(終)點標線，用以提醒車輛駕駛人已進入或離開通學區，通學區內應當心兒童或行人，並依速限行駛。
traffic_law_truefalse-657,traffic_law_truefalse,36,汽車行駛在行人優先區內，行車時速不得超過20 公里，並禁止按鳴喇叭，違者將處以罰鍰。
traffic_law_choice-036,traffic_law_choice,4,汽車跟隨在消防車後急駛是
traffic_law_choice-037,traffic_law_choice,4,行車速率愈高其反應距離
traffic_law_choice-038,traffic_law_choice,4,飲酒後可以開車嗎？
traffic_law_choice-065,traffic_law_choice,6,車道專供
traffic_law_choice-092,traffic_law_choice,8,路考及格標準為
traffic_law_choice-093,traffic_law_choice,8,交通規則及格標準為
traffic_law_choice-099,traffic_law_choice,8,計程車拒載乘客，可以嗎?
traffic_law_choice-362,traffic_law_choice,26,汽油引擎正常之排氣顏色為
